name,email,position_code,department,target_position_code
Alice Johnson,alice.johnson@testcompany.com,DEV-001,Engineering,DEV-001
Bob Smith,bob.smith@testcompany.com,DEV-001,Engineering,
Carol Davis,carol.davis@testcompany.com,PM-001,Operations,PM-001
David Wilson,david.wilson@testcompany.com,DEV-001,Engineering,DEV-001
Eva Brown,eva.brown@testcompany.com,PM-001,Operations,